CA,HOBBIES,5,"{'subsample_freq': 4, 'subsample': 0.8499999999999999, 'num_leaves': 48, 'max_depth': 17, 'learning_rate': 0.19}"
CA,HOBBIES,6,"{'subsample_freq': 8, 'subsample': 0.8499999999999999, 'num_leaves': 48, 'max_depth': 19, 'learning_rate': 0.13}"
CA,HOBBIES,4,"{'subsample_freq': 8, 'subsample': 0.8499999999999999, 'num_leaves': 44, 'max_depth': 19, 'learning_rate': 0.2}"
CA,HOBBIES,3,"{'subsample_freq': 1, 'subsample': 0.8499999999999999, 'num_leaves': 44, 'max_depth': 15, 'learning_rate': 0.14}"
CA,HOBBIES,15,"{'subsample_freq': 1, 'subsample': 0.8499999999999999, 'num_leaves': 48, 'max_depth': 15, 'learning_rate': 0.26}"
CA,HOBBIES,25,"{'subsample_freq': 7, 'subsample': 0.8499999999999999, 'num_leaves': 44, 'max_depth': 11, 'learning_rate': 0.28}"
CA,HOBBIES,20,"{'subsample_freq': 1, 'subsample': 0.8499999999999999, 'num_leaves': 44, 'max_depth': 17, 'learning_rate': 0.2}"
CA,HOBBIES,10,"{'subsample_freq': 6, 'subsample': 0.8499999999999999, 'num_leaves': 38, 'max_depth': 15, 'learning_rate': 0.17}"
CA,HOBBIES,9,"{'subsample_freq': 1, 'subsample': 0.8499999999999999, 'num_leaves': 32, 'max_depth': 17, 'learning_rate': 0.16}"
CA,HOBBIES,7,"{'subsample_freq': 1, 'subsample': 0.8499999999999999, 'num_leaves': 48, 'max_depth': 15, 'learning_rate': 0.17}"
CA,HOBBIES,17,"{'subsample_freq': 3, 'subsample': 0.8499999999999999, 'num_leaves': 44, 'max_depth': 19, 'learning_rate': 0.26}"
CA,HOBBIES,19,"{'subsample_freq': 1, 'subsample': 0.8499999999999999, 'num_leaves': 46, 'max_depth': 17, 'learning_rate': 0.24000000000000002}"
CA,HOBBIES,2,"{'subsample_freq': 1, 'subsample': 0.8499999999999999, 'num_leaves': 46, 'max_depth': 13, 'learning_rate': 0.14}"
CA,HOBBIES,91,"{'subsample_freq': 2, 'subsample': 0.8499999999999999, 'num_leaves': 48, 'max_depth': 15, 'learning_rate': 0.17}"
CA,HOBBIES,50,"{'subsample_freq': 1, 'subsample': 0.8499999999999999, 'num_leaves': 46, 'max_depth': 19, 'learning_rate': 0.18000000000000002}"
CA,HOBBIES,93,"{'subsample_freq': 2, 'subsample': 0.8499999999999999, 'num_leaves': 44, 'max_depth': 13, 'learning_rate': 0.29000000000000004}"
CA,HOBBIES,64,"{'subsample_freq': 2, 'subsample': 0.8499999999999999, 'num_leaves': 46, 'max_depth': 15, 'learning_rate': 0.24000000000000002}"
CA,HOBBIES,14,"{'subsample_freq': 1, 'subsample': 0.8499999999999999, 'num_leaves': 42, 'max_depth': 19, 'learning_rate': 0.24000000000000002}"
CA,HOBBIES,23,"{'subsample_freq': 1, 'subsample': 0.8499999999999999, 'num_leaves': 48, 'max_depth': 15, 'learning_rate': 0.26}"
CA,HOBBIES,12,"{'subsample_freq': 1, 'subsample': 0.8499999999999999, 'num_leaves': 46, 'max_depth': 19, 'learning_rate': 0.27}"
CA,HOBBIES,41,"{'subsample_freq': 3, 'subsample': 0.6, 'num_leaves': 48, 'max_depth': 17, 'learning_rate': 0.18000000000000002}"
CA,HOBBIES,83,"{'subsample_freq': 9, 'subsample': 0.8499999999999999, 'num_leaves': 48, 'max_depth': 9, 'learning_rate': 0.24000000000000002}"
CA,HOBBIES,73,"{'subsample_freq': 3, 'subsample': 0.8499999999999999, 'num_leaves': 46, 'max_depth': 15, 'learning_rate': 0.21000000000000002}"
CA,HOBBIES,58,"{'subsample_freq': 1, 'subsample': 0.8499999999999999, 'num_leaves': 48, 'max_depth': 17, 'learning_rate': 0.25}"
CA,HOBBIES,45,"{'subsample_freq': 4, 'subsample': 0.8499999999999999, 'num_leaves': 46, 'max_depth': 11, 'learning_rate': 0.22}"
CA,HOBBIES,90,"{'subsample_freq': 1, 'subsample': 0.8499999999999999, 'num_leaves': 48, 'max_depth': 17, 'learning_rate': 0.18000000000000002}"
CA,HOBBIES,53,"{'subsample_freq': 2, 'subsample': 0.8499999999999999, 'num_leaves': 44, 'max_depth': 15, 'learning_rate': 0.25}"
CA,HOBBIES,60,"{'subsample_freq': 4, 'subsample': 0.8499999999999999, 'num_leaves': 44, 'max_depth': 15, 'learning_rate': 0.28}"
CA,HOBBIES,34,"{'subsample_freq': 2, 'subsample': 0.8499999999999999, 'num_leaves': 40, 'max_depth': 19, 'learning_rate': 0.24000000000000002}"
CA,HOBBIES,13,"{'subsample_freq': 4, 'subsample': 0.8499999999999999, 'num_leaves': 46, 'max_depth': 19, 'learning_rate': 0.27}"
CA,HOBBIES,18,"{'subsample_freq': 8, 'subsample': 0.8499999999999999, 'num_leaves': 46, 'max_depth': 15, 'learning_rate': 0.2}"
CA,HOBBIES,49,"{'subsample_freq': 3, 'subsample': 0.8499999999999999, 'num_leaves': 48, 'max_depth': 19, 'learning_rate': 0.22}"
CA,HOBBIES,67,"{'subsample_freq': 1, 'subsample': 0.8499999999999999, 'num_leaves': 44, 'max_depth': 19, 'learning_rate': 0.26}"
CA,HOBBIES,48,"{'subsample_freq': 3, 'subsample': 0.8499999999999999, 'num_leaves': 48, 'max_depth': 17, 'learning_rate': 0.18000000000000002}"
CA,HOBBIES,11,"{'subsample_freq': 6, 'subsample': 0.8499999999999999, 'num_leaves': 48, 'max_depth': 17, 'learning_rate': 0.23}"
CA,HOBBIES,8,"{'subsample_freq': 5, 'subsample': 0.8499999999999999, 'num_leaves': 46, 'max_depth': 11, 'learning_rate': 0.16}"
CA,HOBBIES,52,"{'subsample_freq': 2, 'subsample': 0.8499999999999999, 'num_leaves': 40, 'max_depth': 15, 'learning_rate': 0.27}"
CA,HOBBIES,32,"{'subsample_freq': 8, 'subsample': 0.8499999999999999, 'num_leaves': 40, 'max_depth': 15, 'learning_rate': 0.25}"
CA,HOBBIES,72,"{'subsample_freq': 8, 'subsample': 0.8499999999999999, 'num_leaves': 48, 'max_depth': 15, 'learning_rate': 0.29000000000000004}"
CA,HOBBIES,63,"{'subsample_freq': 3, 'subsample': 0.8499999999999999, 'num_leaves': 48, 'max_depth': 15, 'learning_rate': 0.24000000000000002}"
CA,HOBBIES,54,"{'subsample_freq': 1, 'subsample': 0.8499999999999999, 'num_leaves': 48, 'max_depth': 19, 'learning_rate': 0.22}"
CA,HOBBIES,39,"{'subsample_freq': 9, 'subsample': 0.8499999999999999, 'num_leaves': 46, 'max_depth': 19, 'learning_rate': 0.24000000000000002}"
CA,HOBBIES,31,"{'subsample_freq': 3, 'subsample': 0.8499999999999999, 'num_leaves': 48, 'max_depth': 13, 'learning_rate': 0.21000000000000002}"
CA,HOBBIES,21,"{'subsample_freq': 1, 'subsample': 0.8499999999999999, 'num_leaves': 46, 'max_depth': 17, 'learning_rate': 0.29000000000000004}"
CA,HOBBIES,43,"{'subsample_freq': 9, 'subsample': 0.8499999999999999, 'num_leaves': 48, 'max_depth': 11, 'learning_rate': 0.29000000000000004}"
CA,HOBBIES,56,"{'subsample_freq': 9, 'subsample': 0.8499999999999999, 'num_leaves': 46, 'max_depth': 15, 'learning_rate': 0.25}"
CA,HOBBIES,1,"{'subsample_freq': 1, 'subsample': 0.8499999999999999, 'num_leaves': 44, 'max_depth': 19, 'learning_rate': 0.15000000000000002}"
CA,HOBBIES,16,"{'subsample_freq': 1, 'subsample': 0.8499999999999999, 'num_leaves': 46, 'max_depth': 17, 'learning_rate': 0.14}"
CA,HOBBIES,81,"{'subsample_freq': 5, 'subsample': 0.8499999999999999, 'num_leaves': 48, 'max_depth': 13, 'learning_rate': 0.27}"
CA,HOBBIES,70,"{'subsample_freq': 1, 'subsample': 0.8499999999999999, 'num_leaves': 44, 'max_depth': 13, 'learning_rate': 0.23}"
CA,HOBBIES,98,"{'subsample_freq': 4, 'subsample': 0.8499999999999999, 'num_leaves': 46, 'max_depth': 13, 'learning_rate': 0.29000000000000004}"
CA,HOBBIES,160,"{'subsample_freq': 6, 'subsample': 0.6, 'num_leaves': 42, 'max_depth': 15, 'learning_rate': 0.25}"
CA,HOBBIES,26,"{'subsample_freq': 9, 'subsample': 0.8499999999999999, 'num_leaves': 46, 'max_depth': 13, 'learning_rate': 0.24000000000000002}"
CA,HOBBIES,66,"{'subsample_freq': 6, 'subsample': 0.8499999999999999, 'num_leaves': 44, 'max_depth': 13, 'learning_rate': 0.23}"
CA,HOBBIES,27,"{'subsample_freq': 1, 'subsample': 0.8499999999999999, 'num_leaves': 46, 'max_depth': 19, 'learning_rate': 0.28}"
CA,HOBBIES,42,"{'subsample_freq': 1, 'subsample': 0.6, 'num_leaves': 38, 'max_depth': 15, 'learning_rate': 0.18000000000000002}"
CA,HOBBIES,24,"{'subsample_freq': 1, 'subsample': 0.8499999999999999, 'num_leaves': 40, 'max_depth': 19, 'learning_rate': 0.26}"
CA,HOBBIES,36,"{'subsample_freq': 8, 'subsample': 0.6, 'num_leaves': 48, 'max_depth': 19, 'learning_rate': 0.16}"
CA,HOBBIES,69,"{'subsample_freq': 2, 'subsample': 0.8499999999999999, 'num_leaves': 48, 'max_depth': 19, 'learning_rate': 0.21000000000000002}"
CA,HOBBIES,40,"{'subsample_freq': 8, 'subsample': 0.8499999999999999, 'num_leaves': 48, 'max_depth': 19, 'learning_rate': 0.24000000000000002}"
CA,HOBBIES,22,"{'subsample_freq': 4, 'subsample': 0.8499999999999999, 'num_leaves': 44, 'max_depth': 13, 'learning_rate': 0.24000000000000002}"
CA,HOBBIES,30,"{'subsample_freq': 2, 'subsample': 0.8499999999999999, 'num_leaves': 46, 'max_depth': 11, 'learning_rate': 0.24000000000000002}"
CA,HOBBIES,28,"{'subsample_freq': 1, 'subsample': 0.6, 'num_leaves': 26, 'max_depth': 9, 'learning_rate': 0.18000000000000002}"
CA,HOBBIES,57,"{'subsample_freq': 4, 'subsample': 0.8499999999999999, 'num_leaves': 40, 'max_depth': 19, 'learning_rate': 0.24000000000000002}"
CA,HOBBIES,79,"{'subsample_freq': 9, 'subsample': 0.8499999999999999, 'num_leaves': 40, 'max_depth': 17, 'learning_rate': 0.26}"
CA,HOBBIES,51,"{'subsample_freq': 8, 'subsample': 0.8499999999999999, 'num_leaves': 44, 'max_depth': 17, 'learning_rate': 0.28}"
CA,HOBBIES,75,"{'subsample_freq': 1, 'subsample': 0.8499999999999999, 'num_leaves': 42, 'max_depth': 9, 'learning_rate': 0.15000000000000002}"
CA,HOBBIES,44,"{'subsample_freq': 8, 'subsample': 0.8499999999999999, 'num_leaves': 48, 'max_depth': 15, 'learning_rate': 0.23}"
CA,HOBBIES,35,"{'subsample_freq': 2, 'subsample': 0.8499999999999999, 'num_leaves': 42, 'max_depth': 19, 'learning_rate': 0.29000000000000004}"
CA,HOBBIES,37,"{'subsample_freq': 4, 'subsample': 0.8499999999999999, 'num_leaves': 44, 'max_depth': 13, 'learning_rate': 0.28}"
CA,HOBBIES,117,"{'subsample_freq': 9, 'subsample': 0.8499999999999999, 'num_leaves': 44, 'max_depth': 19, 'learning_rate': 0.29000000000000004}"
CA,HOBBIES,258,"{'subsample_freq': 1, 'subsample': 0.8499999999999999, 'num_leaves': 48, 'max_depth': 13, 'learning_rate': 0.29000000000000004}"
CA,HOBBIES,65,"{'subsample_freq': 2, 'subsample': 0.6, 'num_leaves': 48, 'max_depth': 15, 'learning_rate': 0.23}"
CA,HOBBIES,99,"{'subsample_freq': 6, 'subsample': 0.8499999999999999, 'num_leaves': 48, 'max_depth': 15, 'learning_rate': 0.26}"
CA,HOBBIES,38,"{'subsample_freq': 1, 'subsample': 0.8499999999999999, 'num_leaves': 48, 'max_depth': 15, 'learning_rate': 0.17}"
CA,HOBBIES,112,"{'subsample_freq': 1, 'subsample': 0.8499999999999999, 'num_leaves': 48, 'max_depth': 13, 'learning_rate': 0.27}"
CA,HOBBIES,62,"{'subsample_freq': 3, 'subsample': 0.8499999999999999, 'num_leaves': 48, 'max_depth': 15, 'learning_rate': 0.28}"
CA,HOBBIES,102,"{'subsample_freq': 2, 'subsample': 0.8499999999999999, 'num_leaves': 48, 'max_depth': 15, 'learning_rate': 0.21000000000000002}"
CA,HOBBIES,77,"{'subsample_freq': 1, 'subsample': 0.8499999999999999, 'num_leaves': 48, 'max_depth': 15, 'learning_rate': 0.26}"
CA,HOBBIES,55,"{'subsample_freq': 3, 'subsample': 0.8499999999999999, 'num_leaves': 44, 'max_depth': 17, 'learning_rate': 0.24000000000000002}"
CA,HOBBIES,92,"{'subsample_freq': 4, 'subsample': 0.6, 'num_leaves': 48, 'max_depth': 19, 'learning_rate': 0.26}"
CA,HOBBIES,294,"{'subsample_freq': 5, 'subsample': 0.8499999999999999, 'num_leaves': 48, 'max_depth': 19, 'learning_rate': 0.24000000000000002}"
CA,HOBBIES,97,"{'subsample_freq': 4, 'subsample': 0.8499999999999999, 'num_leaves': 46, 'max_depth': 15, 'learning_rate': 0.26}"
CA,HOBBIES,61,"{'subsample_freq': 1, 'subsample': 0.8499999999999999, 'num_leaves': 44, 'max_depth': 15, 'learning_rate': 0.22}"
CA,HOBBIES,110,"{'subsample_freq': 1, 'subsample': 0.8499999999999999, 'num_leaves': 48, 'max_depth': 13, 'learning_rate': 0.18000000000000002}"
CA,HOBBIES,115,"{'subsample_freq': 8, 'subsample': 0.8499999999999999, 'num_leaves': 46, 'max_depth': 19, 'learning_rate': 0.26}"
CA,HOBBIES,74,"{'subsample_freq': 1, 'subsample': 0.8499999999999999, 'num_leaves': 42, 'max_depth': 13, 'learning_rate': 0.22}"
CA,HOBBIES,107,"{'subsample_freq': 2, 'subsample': 0.8499999999999999, 'num_leaves': 48, 'max_depth': 15, 'learning_rate': 0.22}"
CA,HOBBIES,85,"{'subsample_freq': 4, 'subsample': 0.8499999999999999, 'num_leaves': 48, 'max_depth': 19, 'learning_rate': 0.22}"
CA,HOBBIES,125,"{'subsample_freq': 4, 'subsample': 0.8499999999999999, 'num_leaves': 48, 'max_depth': 19, 'learning_rate': 0.21000000000000002}"
CA,HOBBIES,124,"{'subsample_freq': 2, 'subsample': 0.8499999999999999, 'num_leaves': 46, 'max_depth': 15, 'learning_rate': 0.29000000000000004}"
CA,HOBBIES,87,"{'subsample_freq': 4, 'subsample': 0.8499999999999999, 'num_leaves': 42, 'max_depth': 19, 'learning_rate': 0.28}"
CA,HOBBIES,59,"{'subsample_freq': 7, 'subsample': 0.8499999999999999, 'num_leaves': 44, 'max_depth': 17, 'learning_rate': 0.25}"
CA,HOBBIES,104,"{'subsample_freq': 4, 'subsample': 0.8499999999999999, 'num_leaves': 46, 'max_depth': 15, 'learning_rate': 0.28}"
CA,HOBBIES,121,"{'subsample_freq': 6, 'subsample': 0.8499999999999999, 'num_leaves': 48, 'max_depth': 15, 'learning_rate': 0.28}"
CA,HOBBIES,144,"{'subsample_freq': 8, 'subsample': 0.8499999999999999, 'num_leaves': 44, 'max_depth': 15, 'learning_rate': 0.26}"
CA,HOBBIES,109,"{'subsample_freq': 5, 'subsample': 0.8499999999999999, 'num_leaves': 48, 'max_depth': 13, 'learning_rate': 0.2}"
CA,HOBBIES,86,"{'subsample_freq': 3, 'subsample': 0.8499999999999999, 'num_leaves': 46, 'max_depth': 11, 'learning_rate': 0.24000000000000002}"
CA,HOBBIES,78,"{'subsample_freq': 1, 'subsample': 0.6, 'num_leaves': 46, 'max_depth': 13, 'learning_rate': 0.23}"
CA,HOBBIES,29,"{'subsample_freq': 1, 'subsample': 0.8499999999999999, 'num_leaves': 48, 'max_depth': 15, 'learning_rate': 0.28}"
CA,HOUSEHOLD,4,"{'subsample_freq': 2, 'subsample': 0.8499999999999999, 'num_leaves': 46, 'max_depth': 13, 'learning_rate': 0.29000000000000004}"
CA,HOUSEHOLD,5,"{'subsample_freq': 3, 'subsample': 0.8499999999999999, 'num_leaves': 48, 'max_depth': 15, 'learning_rate': 0.16}"
CA,HOUSEHOLD,8,"{'subsample_freq': 1, 'subsample': 0.8499999999999999, 'num_leaves': 48, 'max_depth': 17, 'learning_rate': 0.17}"
CA,HOUSEHOLD,7,"{'subsample_freq': 2, 'subsample': 0.6, 'num_leaves': 48, 'max_depth': 19, 'learning_rate': 0.18000000000000002}"
CA,HOUSEHOLD,13,"{'subsample_freq': 4, 'subsample': 0.8499999999999999, 'num_leaves': 40, 'max_depth': 9, 'learning_rate': 0.17}"
CA,HOUSEHOLD,15,"{'subsample_freq': 3, 'subsample': 0.8499999999999999, 'num_leaves': 46, 'max_depth': 19, 'learning_rate': 0.23}"
CA,HOUSEHOLD,6,"{'subsample_freq': 6, 'subsample': 0.8499999999999999, 'num_leaves': 42, 'max_depth': 19, 'learning_rate': 0.18000000000000002}"
CA,HOUSEHOLD,16,"{'subsample_freq': 2, 'subsample': 0.8499999999999999, 'num_leaves': 48, 'max_depth': 11, 'learning_rate': 0.11}"
CA,HOUSEHOLD,29,"{'subsample_freq': 3, 'subsample': 0.8499999999999999, 'num_leaves': 46, 'max_depth': 11, 'learning_rate': 0.15000000000000002}"
CA,HOUSEHOLD,36,"{'subsample_freq': 1, 'subsample': 0.8499999999999999, 'num_leaves': 38, 'max_depth': 19, 'learning_rate': 0.12}"
CA,HOUSEHOLD,12,"{'subsample_freq': 1, 'subsample': 0.8499999999999999, 'num_leaves': 46, 'max_depth': 17, 'learning_rate': 0.21000000000000002}"
CA,HOUSEHOLD,10,"{'subsample_freq': 3, 'subsample': 0.6, 'num_leaves': 48, 'max_depth': 19, 'learning_rate': 0.09999999999999999}"
CA,HOUSEHOLD,9,"{'subsample_freq': 2, 'subsample': 0.8499999999999999, 'num_leaves': 46, 'max_depth': 19, 'learning_rate': 0.13}"
CA,HOUSEHOLD,17,"{'subsample_freq': 2, 'subsample': 0.8499999999999999, 'num_leaves': 44, 'max_depth': 19, 'learning_rate': 0.17}"
CA,HOUSEHOLD,18,"{'subsample_freq': 6, 'subsample': 0.8499999999999999, 'num_leaves': 46, 'max_depth': 13, 'learning_rate': 0.2}"
CA,HOUSEHOLD,11,"{'subsample_freq': 2, 'subsample': 0.8499999999999999, 'num_leaves': 46, 'max_depth': 13, 'learning_rate': 0.13}"
CA,HOUSEHOLD,14,"{'subsample_freq': 1, 'subsample': 0.8499999999999999, 'num_leaves': 48, 'max_depth': 15, 'learning_rate': 0.24000000000000002}"
CA,HOUSEHOLD,20,"{'subsample_freq': 5, 'subsample': 0.8499999999999999, 'num_leaves': 28, 'max_depth': 17, 'learning_rate': 0.18000000000000002}"
CA,HOUSEHOLD,3,"{'subsample_freq': 2, 'subsample': 0.8499999999999999, 'num_leaves': 48, 'max_depth': 15, 'learning_rate': 0.19}"
CA,HOUSEHOLD,44,"{'subsample_freq': 3, 'subsample': 0.8499999999999999, 'num_leaves': 44, 'max_depth': 13, 'learning_rate': 0.17}"
CA,HOUSEHOLD,57,"{'subsample_freq': 9, 'subsample': 0.8499999999999999, 'num_leaves': 46, 'max_depth': 15, 'learning_rate': 0.22}"
CA,HOUSEHOLD,79,"{'subsample_freq': 1, 'subsample': 0.8499999999999999, 'num_leaves': 44, 'max_depth': 17, 'learning_rate': 0.13}"
CA,HOUSEHOLD,23,"{'subsample_freq': 2, 'subsample': 0.8499999999999999, 'num_leaves': 48, 'max_depth': 17, 'learning_rate': 0.15000000000000002}"
CA,HOUSEHOLD,2,"{'subsample_freq': 3, 'subsample': 0.8499999999999999, 'num_leaves': 38, 'max_depth': 17, 'learning_rate': 0.28}"
CA,HOUSEHOLD,22,"{'subsample_freq': 1, 'subsample': 0.8499999999999999, 'num_leaves': 42, 'max_depth': 19, 'learning_rate': 0.24000000000000002}"
CA,HOUSEHOLD,32,"{'subsample_freq': 1, 'subsample': 0.8499999999999999, 'num_leaves': 48, 'max_depth': 17, 'learning_rate': 0.18000000000000002}"
CA,HOUSEHOLD,30,"{'subsample_freq': 7, 'subsample': 0.8499999999999999, 'num_leaves': 48, 'max_depth': 19, 'learning_rate': 0.24000000000000002}"
CA,HOUSEHOLD,28,"{'subsample_freq': 5, 'subsample': 0.8499999999999999, 'num_leaves': 38, 'max_depth': 13, 'learning_rate': 0.14}"
CA,HOUSEHOLD,24,"{'subsample_freq': 3, 'subsample': 0.8499999999999999, 'num_leaves': 46, 'max_depth': 15, 'learning_rate': 0.2}"
CA,HOUSEHOLD,19,"{'subsample_freq': 1, 'subsample': 0.8499999999999999, 'num_leaves': 42, 'max_depth': 15, 'learning_rate': 0.22}"
CA,HOUSEHOLD,26,"{'subsample_freq': 2, 'subsample': 0.8499999999999999, 'num_leaves': 48, 'max_depth': 15, 'learning_rate': 0.17}"
CA,HOUSEHOLD,70,"{'subsample_freq': 5, 'subsample': 0.8499999999999999, 'num_leaves': 38, 'max_depth': 15, 'learning_rate': 0.25}"
CA,HOUSEHOLD,50,"{'subsample_freq': 5, 'subsample': 0.8499999999999999, 'num_leaves': 46, 'max_depth': 17, 'learning_rate': 0.22}"
CA,HOUSEHOLD,52,"{'subsample_freq': 3, 'subsample': 0.8499999999999999, 'num_leaves': 46, 'max_depth': 19, 'learning_rate': 0.24000000000000002}"
CA,HOUSEHOLD,25,"{'subsample_freq': 2, 'subsample': 0.8499999999999999, 'num_leaves': 48, 'max_depth': 15, 'learning_rate': 0.26}"
CA,HOUSEHOLD,43,"{'subsample_freq': 3, 'subsample': 0.8499999999999999, 'num_leaves': 48, 'max_depth': 17, 'learning_rate': 0.21000000000000002}"
CA,HOUSEHOLD,37,"{'subsample_freq': 1, 'subsample': 0.8499999999999999, 'num_leaves': 46, 'max_depth': 17, 'learning_rate': 0.29000000000000004}"
CA,HOUSEHOLD,39,"{'subsample_freq': 1, 'subsample': 0.8499999999999999, 'num_leaves': 44, 'max_depth': 11, 'learning_rate': 0.18000000000000002}"
CA,HOUSEHOLD,27,"{'subsample_freq': 4, 'subsample': 0.8499999999999999, 'num_leaves': 40, 'max_depth': 13, 'learning_rate': 0.11}"
CA,HOUSEHOLD,21,"{'subsample_freq': 1, 'subsample': 0.8499999999999999, 'num_leaves': 38, 'max_depth': 17, 'learning_rate': 0.2}"
CA,HOUSEHOLD,61,"{'subsample_freq': 7, 'subsample': 0.8499999999999999, 'num_leaves': 46, 'max_depth': 19, 'learning_rate': 0.21000000000000002}"
CA,HOUSEHOLD,34,"{'subsample_freq': 7, 'subsample': 0.8499999999999999, 'num_leaves': 26, 'max_depth': 11, 'learning_rate': 0.27}"
CA,HOUSEHOLD,33,"{'subsample_freq': 6, 'subsample': 0.8499999999999999, 'num_leaves': 48, 'max_depth': 11, 'learning_rate': 0.18000000000000002}"
CA,HOUSEHOLD,38,"{'subsample_freq': 3, 'subsample': 0.8499999999999999, 'num_leaves': 44, 'max_depth': 17, 'learning_rate': 0.14}"
CA,HOUSEHOLD,35,"{'subsample_freq': 7, 'subsample': 0.8499999999999999, 'num_leaves': 46, 'max_depth': 11, 'learning_rate': 0.23}"
CA,HOUSEHOLD,115,"{'subsample_freq': 1, 'subsample': 0.8499999999999999, 'num_leaves': 46, 'max_depth': 19, 'learning_rate': 0.22}"
CA,HOUSEHOLD,239,"{'subsample_freq': 4, 'subsample': 0.8499999999999999, 'num_leaves': 32, 'max_depth': 13, 'learning_rate': 0.29000000000000004}"
CA,HOUSEHOLD,31,"{'subsample_freq': 7, 'subsample': 0.8499999999999999, 'num_leaves': 48, 'max_depth': 11, 'learning_rate': 0.23}"
CA,HOUSEHOLD,47,"{'subsample_freq': 1, 'subsample': 0.8499999999999999, 'num_leaves': 38, 'max_depth': 17, 'learning_rate': 0.19}"
CA,HOUSEHOLD,84,"{'subsample_freq': 1, 'subsample': 0.8499999999999999, 'num_leaves': 48, 'max_depth': 13, 'learning_rate': 0.13}"
CA,HOUSEHOLD,42,"{'subsample_freq': 4, 'subsample': 0.8499999999999999, 'num_leaves': 42, 'max_depth': 17, 'learning_rate': 0.22}"
CA,HOUSEHOLD,45,"{'subsample_freq': 4, 'subsample': 0.8499999999999999, 'num_leaves': 46, 'max_depth': 17, 'learning_rate': 0.17}"
CA,HOUSEHOLD,46,"{'subsample_freq': 1, 'subsample': 0.8499999999999999, 'num_leaves': 40, 'max_depth': 19, 'learning_rate': 0.16}"
CA,HOUSEHOLD,40,"{'subsample_freq': 7, 'subsample': 0.8499999999999999, 'num_leaves': 48, 'max_depth': 13, 'learning_rate': 0.22}"
CA,HOUSEHOLD,56,"{'subsample_freq': 1, 'subsample': 0.8499999999999999, 'num_leaves': 44, 'max_depth': 17, 'learning_rate': 0.22}"
CA,HOUSEHOLD,107,"{'subsample_freq': 2, 'subsample': 0.8499999999999999, 'num_leaves': 46, 'max_depth': 15, 'learning_rate': 0.13}"
CA,HOUSEHOLD,48,"{'subsample_freq': 8, 'subsample': 0.8499999999999999, 'num_leaves': 44, 'max_depth': 13, 'learning_rate': 0.29000000000000004}"
CA,HOUSEHOLD,119,"{'subsample_freq': 3, 'subsample': 0.8499999999999999, 'num_leaves': 42, 'max_depth': 17, 'learning_rate': 0.21000000000000002}"
CA,HOUSEHOLD,80,"{'subsample_freq': 8, 'subsample': 0.8499999999999999, 'num_leaves': 48, 'max_depth': 13, 'learning_rate': 0.26}"
CA,HOUSEHOLD,82,"{'subsample_freq': 8, 'subsample': 0.8499999999999999, 'num_leaves': 48, 'max_depth': 19, 'learning_rate': 0.27}"
CA,HOUSEHOLD,101,"{'subsample_freq': 7, 'subsample': 0.8499999999999999, 'num_leaves': 46, 'max_depth': 11, 'learning_rate': 0.17}"
CA,HOUSEHOLD,59,"{'subsample_freq': 3, 'subsample': 0.8499999999999999, 'num_leaves': 46, 'max_depth': 19, 'learning_rate': 0.16}"
CA,HOUSEHOLD,102,"{'subsample_freq': 3, 'subsample': 0.8499999999999999, 'num_leaves': 48, 'max_depth': 11, 'learning_rate': 0.18000000000000002}"
CA,HOUSEHOLD,53,"{'subsample_freq': 1, 'subsample': 0.6, 'num_leaves': 40, 'max_depth': 17, 'learning_rate': 0.16}"
CA,HOUSEHOLD,77,"{'subsample_freq': 3, 'subsample': 0.8499999999999999, 'num_leaves': 48, 'max_depth': 17, 'learning_rate': 0.17}"
CA,HOUSEHOLD,73,"{'subsample_freq': 3, 'subsample': 0.8499999999999999, 'num_leaves': 46, 'max_depth': 13, 'learning_rate': 0.29000000000000004}"
CA,HOUSEHOLD,49,"{'subsample_freq': 1, 'subsample': 0.8499999999999999, 'num_leaves': 48, 'max_depth': 17, 'learning_rate': 0.29000000000000004}"
CA,HOUSEHOLD,58,"{'subsample_freq': 2, 'subsample': 0.8499999999999999, 'num_leaves': 44, 'max_depth': 19, 'learning_rate': 0.19}"
CA,HOUSEHOLD,86,"{'subsample_freq': 3, 'subsample': 0.8499999999999999, 'num_leaves': 48, 'max_depth': 15, 'learning_rate': 0.28}"
CA,HOUSEHOLD,83,"{'subsample_freq': 2, 'subsample': 0.8499999999999999, 'num_leaves': 48, 'max_depth': 17, 'learning_rate': 0.22}"
CA,HOUSEHOLD,72,"{'subsample_freq': 1, 'subsample': 0.8499999999999999, 'num_leaves': 46, 'max_depth': 15, 'learning_rate': 0.14}"
CA,HOUSEHOLD,117,"{'subsample_freq': 1, 'subsample': 0.8499999999999999, 'num_leaves': 40, 'max_depth': 17, 'learning_rate': 0.14}"
CA,HOUSEHOLD,41,"{'subsample_freq': 2, 'subsample': 0.8499999999999999, 'num_leaves': 38, 'max_depth': 15, 'learning_rate': 0.18000000000000002}"
CA,HOUSEHOLD,94,"{'subsample_freq': 2, 'subsample': 0.8499999999999999, 'num_leaves': 48, 'max_depth': 15, 'learning_rate': 0.18000000000000002}"
CA,HOUSEHOLD,65,"{'subsample_freq': 7, 'subsample': 0.8499999999999999, 'num_leaves': 42, 'max_depth': 17, 'learning_rate': 0.25}"
CA,HOUSEHOLD,51,"{'subsample_freq': 3, 'subsample': 0.8499999999999999, 'num_leaves': 48, 'max_depth': 17, 'learning_rate': 0.24000000000000002}"
CA,HOUSEHOLD,1,"{'subsample_freq': 3, 'subsample': 0.8499999999999999, 'num_leaves': 40, 'max_depth': 17, 'learning_rate': 0.21000000000000002}"
CA,HOUSEHOLD,300,"{'subsample_freq': 6, 'subsample': 0.8499999999999999, 'num_leaves': 38, 'max_depth': 9, 'learning_rate': 0.29000000000000004}"
CA,HOUSEHOLD,128,"{'subsample_freq': 6, 'subsample': 0.8499999999999999, 'num_leaves': 44, 'max_depth': 15, 'learning_rate': 0.17}"
CA,FOODS,15,"{'subsample_freq': 4, 'subsample': 0.8499999999999999, 'num_leaves': 48, 'max_depth': 17, 'learning_rate': 0.13}"
CA,FOODS,16,"{'subsample_freq': 3, 'subsample': 0.8499999999999999, 'num_leaves': 26, 'max_depth': 15, 'learning_rate': 0.24000000000000002}"
CA,FOODS,24,"{'subsample_freq': 2, 'subsample': 0.8499999999999999, 'num_leaves': 46, 'max_depth': 11, 'learning_rate': 0.24000000000000002}"
CA,FOODS,6,"{'subsample_freq': 2, 'subsample': 0.8499999999999999, 'num_leaves': 46, 'max_depth': 19, 'learning_rate': 0.25}"
CA,FOODS,8,"{'subsample_freq': 1, 'subsample': 0.8499999999999999, 'num_leaves': 46, 'max_depth': 11, 'learning_rate': 0.15000000000000002}"
CA,FOODS,5,"{'subsample_freq': 4, 'subsample': 0.8499999999999999, 'num_leaves': 44, 'max_depth': 19, 'learning_rate': 0.12}"
CA,FOODS,9,"{'subsample_freq': 8, 'subsample': 0.8499999999999999, 'num_leaves': 40, 'max_depth': 17, 'learning_rate': 0.2}"
CA,FOODS,11,"{'subsample_freq': 4, 'subsample': 0.8499999999999999, 'num_leaves': 48, 'max_depth': 11, 'learning_rate': 0.23}"
CA,FOODS,22,"{'subsample_freq': 6, 'subsample': 0.8499999999999999, 'num_leaves': 46, 'max_depth': 17, 'learning_rate': 0.28}"
CA,FOODS,71,"{'subsample_freq': 6, 'subsample': 0.8499999999999999, 'num_leaves': 42, 'max_depth': 17, 'learning_rate': 0.24000000000000002}"
CA,FOODS,61,"{'subsample_freq': 7, 'subsample': 0.8499999999999999, 'num_leaves': 48, 'max_depth': 15, 'learning_rate': 0.27}"
CA,FOODS,116,"{'subsample_freq': 5, 'subsample': 0.8499999999999999, 'num_leaves': 48, 'max_depth': 11, 'learning_rate': 0.29000000000000004}"
CA,FOODS,20,"{'subsample_freq': 3, 'subsample': 0.8499999999999999, 'num_leaves': 44, 'max_depth': 19, 'learning_rate': 0.17}"
CA,FOODS,26,"{'subsample_freq': 1, 'subsample': 0.8499999999999999, 'num_leaves': 42, 'max_depth': 9, 'learning_rate': 0.2}"
CA,FOODS,29,"{'subsample_freq': 1, 'subsample': 0.8499999999999999, 'num_leaves': 48, 'max_depth': 15, 'learning_rate': 0.17}"
CA,FOODS,19,"{'subsample_freq': 1, 'subsample': 0.8499999999999999, 'num_leaves': 44, 'max_depth': 19, 'learning_rate': 0.17}"
CA,FOODS,12,"{'subsample_freq': 4, 'subsample': 0.6, 'num_leaves': 48, 'max_depth': 15, 'learning_rate': 0.13}"
CA,FOODS,7,"{'subsample_freq': 6, 'subsample': 0.8499999999999999, 'num_leaves': 44, 'max_depth': 19, 'learning_rate': 0.14}"
CA,FOODS,4,"{'subsample_freq': 4, 'subsample': 0.8499999999999999, 'num_leaves': 42, 'max_depth': 17, 'learning_rate': 0.17}"
CA,FOODS,13,"{'subsample_freq': 4, 'subsample': 0.8499999999999999, 'num_leaves': 48, 'max_depth': 17, 'learning_rate': 0.26}"
CA,FOODS,17,"{'subsample_freq': 2, 'subsample': 0.8499999999999999, 'num_leaves': 48, 'max_depth': 15, 'learning_rate': 0.11}"
CA,FOODS,10,"{'subsample_freq': 1, 'subsample': 0.8499999999999999, 'num_leaves': 48, 'max_depth': 13, 'learning_rate': 0.13}"
CA,FOODS,34,"{'subsample_freq': 7, 'subsample': 0.8499999999999999, 'num_leaves': 44, 'max_depth': 11, 'learning_rate': 0.17}"
CA,FOODS,14,"{'subsample_freq': 4, 'subsample': 0.8499999999999999, 'num_leaves': 48, 'max_depth': 13, 'learning_rate': 0.23}"
CA,FOODS,41,"{'subsample_freq': 1, 'subsample': 0.8499999999999999, 'num_leaves': 48, 'max_depth': 17, 'learning_rate': 0.09999999999999999}"
CA,FOODS,21,"{'subsample_freq': 2, 'subsample': 0.8499999999999999, 'num_leaves': 42, 'max_depth': 17, 'learning_rate': 0.18000000000000002}"
CA,FOODS,35,"{'subsample_freq': 9, 'subsample': 0.8499999999999999, 'num_leaves': 40, 'max_depth': 15, 'learning_rate': 0.17}"
CA,FOODS,23,"{'subsample_freq': 1, 'subsample': 0.8499999999999999, 'num_leaves': 46, 'max_depth': 17, 'learning_rate': 0.11}"
CA,FOODS,30,"{'subsample_freq': 5, 'subsample': 0.8499999999999999, 'num_leaves': 46, 'max_depth': 11, 'learning_rate': 0.17}"
CA,FOODS,18,"{'subsample_freq': 1, 'subsample': 0.8499999999999999, 'num_leaves': 34, 'max_depth': 13, 'learning_rate': 0.23}"
CA,FOODS,31,"{'subsample_freq': 9, 'subsample': 0.8499999999999999, 'num_leaves': 44, 'max_depth': 17, 'learning_rate': 0.19}"
CA,FOODS,49,"{'subsample_freq': 2, 'subsample': 0.8499999999999999, 'num_leaves': 46, 'max_depth': 15, 'learning_rate': 0.28}"
CA,FOODS,78,"{'subsample_freq': 3, 'subsample': 0.8499999999999999, 'num_leaves': 48, 'max_depth': 15, 'learning_rate': 0.24000000000000002}"
CA,FOODS,54,"{'subsample_freq': 1, 'subsample': 0.8499999999999999, 'num_leaves': 48, 'max_depth': 13, 'learning_rate': 0.27}"
CA,FOODS,38,"{'subsample_freq': 2, 'subsample': 0.8499999999999999, 'num_leaves': 48, 'max_depth': 15, 'learning_rate': 0.24000000000000002}"
CA,FOODS,27,"{'subsample_freq': 6, 'subsample': 0.8499999999999999, 'num_leaves': 46, 'max_depth': 19, 'learning_rate': 0.13}"
CA,FOODS,48,"{'subsample_freq': 8, 'subsample': 0.8499999999999999, 'num_leaves': 46, 'max_depth': 17, 'learning_rate': 0.26}"
CA,FOODS,45,"{'subsample_freq': 2, 'subsample': 0.8499999999999999, 'num_leaves': 46, 'max_depth': 15, 'learning_rate': 0.18000000000000002}"
CA,FOODS,42,"{'subsample_freq': 1, 'subsample': 0.8499999999999999, 'num_leaves': 48, 'max_depth': 17, 'learning_rate': 0.23}"
CA,FOODS,44,"{'subsample_freq': 9, 'subsample': 0.8499999999999999, 'num_leaves': 48, 'max_depth': 13, 'learning_rate': 0.26}"
CA,FOODS,72,"{'subsample_freq': 3, 'subsample': 0.8499999999999999, 'num_leaves': 48, 'max_depth': 19, 'learning_rate': 0.28}"
CA,FOODS,60,"{'subsample_freq': 3, 'subsample': 0.8499999999999999, 'num_leaves': 42, 'max_depth': 19, 'learning_rate': 0.23}"
CA,FOODS,74,"{'subsample_freq': 4, 'subsample': 0.8499999999999999, 'num_leaves': 42, 'max_depth': 11, 'learning_rate': 0.25}"
CA,FOODS,40,"{'subsample_freq': 2, 'subsample': 0.8499999999999999, 'num_leaves': 48, 'max_depth': 17, 'learning_rate': 0.22}"
CA,FOODS,33,"{'subsample_freq': 6, 'subsample': 0.8499999999999999, 'num_leaves': 48, 'max_depth': 15, 'learning_rate': 0.22}"
CA,FOODS,3,"{'subsample_freq': 5, 'subsample': 0.8499999999999999, 'num_leaves': 6, 'max_depth': 15, 'learning_rate': 0.28}"
CA,FOODS,59,"{'subsample_freq': 1, 'subsample': 0.8499999999999999, 'num_leaves': 48, 'max_depth': 15, 'learning_rate': 0.17}"
CA,FOODS,89,"{'subsample_freq': 9, 'subsample': 0.8499999999999999, 'num_leaves': 42, 'max_depth': 15, 'learning_rate': 0.27}"
CA,FOODS,130,"{'subsample_freq': 6, 'subsample': 0.8499999999999999, 'num_leaves': 42, 'max_depth': 19, 'learning_rate': 0.28}"
CA,FOODS,25,"{'subsample_freq': 7, 'subsample': 0.8499999999999999, 'num_leaves': 44, 'max_depth': 15, 'learning_rate': 0.27}"
CA,FOODS,46,"{'subsample_freq': 9, 'subsample': 0.8499999999999999, 'num_leaves': 48, 'max_depth': 13, 'learning_rate': 0.26}"
CA,FOODS,51,"{'subsample_freq': 2, 'subsample': 0.8499999999999999, 'num_leaves': 48, 'max_depth': 17, 'learning_rate': 0.22}"
CA,FOODS,36,"{'subsample_freq': 1, 'subsample': 0.8499999999999999, 'num_leaves': 48, 'max_depth': 15, 'learning_rate': 0.15000000000000002}"
CA,FOODS,53,"{'subsample_freq': 1, 'subsample': 0.8499999999999999, 'num_leaves': 42, 'max_depth': 11, 'learning_rate': 0.22}"
CA,FOODS,91,"{'subsample_freq': 8, 'subsample': 0.8499999999999999, 'num_leaves': 48, 'max_depth': 19, 'learning_rate': 0.28}"
CA,FOODS,100,"{'subsample_freq': 2, 'subsample': 0.8499999999999999, 'num_leaves': 44, 'max_depth': 15, 'learning_rate': 0.29000000000000004}"
CA,FOODS,102,"{'subsample_freq': 2, 'subsample': 0.8499999999999999, 'num_leaves': 38, 'max_depth': 9, 'learning_rate': 0.27}"
CA,FOODS,93,"{'subsample_freq': 1, 'subsample': 0.6, 'num_leaves': 44, 'max_depth': 15, 'learning_rate': 0.16}"
CA,FOODS,47,"{'subsample_freq': 9, 'subsample': 0.8499999999999999, 'num_leaves': 46, 'max_depth': 15, 'learning_rate': 0.26}"
CA,FOODS,2,"{'subsample_freq': 1, 'subsample': 0.6, 'num_leaves': 46, 'max_depth': 19, 'learning_rate': 0.22}"
CA,FOODS,32,"{'subsample_freq': 2, 'subsample': 0.8499999999999999, 'num_leaves': 46, 'max_depth': 17, 'learning_rate': 0.23}"
CA,FOODS,37,"{'subsample_freq': 3, 'subsample': 0.8499999999999999, 'num_leaves': 48, 'max_depth': 19, 'learning_rate': 0.2}"
CA,FOODS,39,"{'subsample_freq': 7, 'subsample': 0.8499999999999999, 'num_leaves': 46, 'max_depth': 15, 'learning_rate': 0.15000000000000002}"
CA,FOODS,77,"{'subsample_freq': 4, 'subsample': 0.8499999999999999, 'num_leaves': 46, 'max_depth': 15, 'learning_rate': 0.21000000000000002}"
CA,FOODS,28,"{'subsample_freq': 1, 'subsample': 0.8499999999999999, 'num_leaves': 46, 'max_depth': 17, 'learning_rate': 0.27}"
CA,FOODS,55,"{'subsample_freq': 5, 'subsample': 0.8499999999999999, 'num_leaves': 46, 'max_depth': 13, 'learning_rate': 0.23}"
CA,FOODS,43,"{'subsample_freq': 1, 'subsample': 0.8499999999999999, 'num_leaves': 46, 'max_depth': 15, 'learning_rate': 0.23}"
CA,FOODS,87,"{'subsample_freq': 1, 'subsample': 0.8499999999999999, 'num_leaves': 42, 'max_depth': 17, 'learning_rate': 0.21000000000000002}"
CA,FOODS,52,"{'subsample_freq': 2, 'subsample': 0.8499999999999999, 'num_leaves': 46, 'max_depth': 17, 'learning_rate': 0.18000000000000002}"
CA,FOODS,65,"{'subsample_freq': 7, 'subsample': 0.8499999999999999, 'num_leaves': 48, 'max_depth': 19, 'learning_rate': 0.2}"
CA,FOODS,56,"{'subsample_freq': 1, 'subsample': 0.8499999999999999, 'num_leaves': 46, 'max_depth': 15, 'learning_rate': 0.29000000000000004}"
CA,FOODS,85,"{'subsample_freq': 5, 'subsample': 0.8499999999999999, 'num_leaves': 48, 'max_depth': 19, 'learning_rate': 0.24000000000000002}"
CA,FOODS,57,"{'subsample_freq': 8, 'subsample': 0.8499999999999999, 'num_leaves': 48, 'max_depth': 15, 'learning_rate': 0.26}"
CA,FOODS,90,"{'subsample_freq': 8, 'subsample': 0.8499999999999999, 'num_leaves': 44, 'max_depth': 17, 'learning_rate': 0.22}"
CA,FOODS,69,"{'subsample_freq': 4, 'subsample': 0.8499999999999999, 'num_leaves': 46, 'max_depth': 17, 'learning_rate': 0.27}"
CA,FOODS,157,"{'subsample_freq': 1, 'subsample': 0.8499999999999999, 'num_leaves': 22, 'max_depth': 15, 'learning_rate': 0.23}"
CA,FOODS,138,"{'subsample_freq': 4, 'subsample': 0.8499999999999999, 'num_leaves': 34, 'max_depth': 5, 'learning_rate': 0.29000000000000004}"
CA,FOODS,92,"{'subsample_freq': 1, 'subsample': 0.8499999999999999, 'num_leaves': 46, 'max_depth': 15, 'learning_rate': 0.14}"
CA,FOODS,123,"{'subsample_freq': 2, 'subsample': 0.8499999999999999, 'num_leaves': 38, 'max_depth': 11, 'learning_rate': 0.16}"
CA,FOODS,64,"{'subsample_freq': 1, 'subsample': 0.8499999999999999, 'num_leaves': 48, 'max_depth': 17, 'learning_rate': 0.29000000000000004}"
CA,FOODS,70,"{'subsample_freq': 1, 'subsample': 0.8499999999999999, 'num_leaves': 48, 'max_depth': 13, 'learning_rate': 0.29000000000000004}"
CA,FOODS,94,"{'subsample_freq': 1, 'subsample': 0.8499999999999999, 'num_leaves': 46, 'max_depth': 11, 'learning_rate': 0.16}"
CA,FOODS,82,"{'subsample_freq': 2, 'subsample': 0.8499999999999999, 'num_leaves': 48, 'max_depth': 9, 'learning_rate': 0.28}"
CA,FOODS,103,"{'subsample_freq': 7, 'subsample': 0.8499999999999999, 'num_leaves': 46, 'max_depth': 13, 'learning_rate': 0.29000000000000004}"
CA,FOODS,95,"{'subsample_freq': 2, 'subsample': 0.8499999999999999, 'num_leaves': 48, 'max_depth': 15, 'learning_rate': 0.27}"
CA,FOODS,66,"{'subsample_freq': 2, 'subsample': 0.8499999999999999, 'num_leaves': 44, 'max_depth': 11, 'learning_rate': 0.16}"
CA,FOODS,113,"{'subsample_freq': 5, 'subsample': 0.8499999999999999, 'num_leaves': 48, 'max_depth': 17, 'learning_rate': 0.22}"
CA,FOODS,122,"{'subsample_freq': 4, 'subsample': 0.8499999999999999, 'num_leaves': 44, 'max_depth': 17, 'learning_rate': 0.25}"
CA,FOODS,257,"{'subsample_freq': 1, 'subsample': 0.8499999999999999, 'num_leaves': 46, 'max_depth': 15, 'learning_rate': 0.25}"
CA,FOODS,63,"{'subsample_freq': 1, 'subsample': 0.8499999999999999, 'num_leaves': 40, 'max_depth': 15, 'learning_rate': 0.25}"
CA,FOODS,73,"{'subsample_freq': 1, 'subsample': 0.8499999999999999, 'num_leaves': 44, 'max_depth': 13, 'learning_rate': 0.29000000000000004}"
CA,FOODS,96,"{'subsample_freq': 8, 'subsample': 0.8499999999999999, 'num_leaves': 40, 'max_depth': 13, 'learning_rate': 0.26}"
CA,FOODS,50,"{'subsample_freq': 1, 'subsample': 0.8499999999999999, 'num_leaves': 46, 'max_depth': 15, 'learning_rate': 0.2}"
CA,FOODS,195,"{'subsample_freq': 8, 'subsample': 0.8499999999999999, 'num_leaves': 46, 'max_depth': 15, 'learning_rate': 0.22}"
CA,FOODS,105,"{'subsample_freq': 1, 'subsample': 0.8499999999999999, 'num_leaves': 44, 'max_depth': 19, 'learning_rate': 0.29000000000000004}"
CA,FOODS,76,"{'subsample_freq': 3, 'subsample': 0.6, 'num_leaves': 48, 'max_depth': 15, 'learning_rate': 0.14}"
CA,FOODS,152,"{'subsample_freq': 7, 'subsample': 0.8499999999999999, 'num_leaves': 48, 'max_depth': 19, 'learning_rate': 0.22}"
CA,FOODS,67,"{'subsample_freq': 1, 'subsample': 0.8499999999999999, 'num_leaves': 48, 'max_depth': 17, 'learning_rate': 0.14}"
CA,FOODS,114,"{'subsample_freq': 6, 'subsample': 0.8499999999999999, 'num_leaves': 48, 'max_depth': 13, 'learning_rate': 0.27}"
CA,FOODS,599,"{'subsample_freq': 7, 'subsample': 0.8499999999999999, 'num_leaves': 48, 'max_depth': 13, 'learning_rate': 0.27}"
CA,FOODS,227,"{'subsample_freq': 4, 'subsample': 0.8499999999999999, 'num_leaves': 48, 'max_depth': 9, 'learning_rate': 0.24000000000000002}"
CA,FOODS,763,"{'subsample_freq': 2, 'subsample': 0.6, 'num_leaves': 48, 'max_depth': 9, 'learning_rate': 0.29000000000000004}"
CA,FOODS,156,"{'subsample_freq': 5, 'subsample': 0.8499999999999999, 'num_leaves': 42, 'max_depth': 19, 'learning_rate': 0.27}"
CA,FOODS,111,"{'subsample_freq': 1, 'subsample': 0.6, 'num_leaves': 44, 'max_depth': 19, 'learning_rate': 0.18000000000000002}"
CA,FOODS,80,"{'subsample_freq': 5, 'subsample': 0.8499999999999999, 'num_leaves': 44, 'max_depth': 13, 'learning_rate': 0.22}"
CA,FOODS,205,"{'subsample_freq': 5, 'subsample': 0.8499999999999999, 'num_leaves': 48, 'max_depth': 13, 'learning_rate': 0.28}"
CA,FOODS,276,"{'subsample_freq': 1, 'subsample': 0.6, 'num_leaves': 48, 'max_depth': 17, 'learning_rate': 0.27}"
CA,FOODS,180,"{'subsample_freq': 3, 'subsample': 0.8499999999999999, 'num_leaves': 40, 'max_depth': 15, 'learning_rate': 0.28}"
CA,FOODS,97,"{'subsample_freq': 1, 'subsample': 0.8499999999999999, 'num_leaves': 44, 'max_depth': 17, 'learning_rate': 0.29000000000000004}"
CA,FOODS,75,"{'subsample_freq': 9, 'subsample': 0.8499999999999999, 'num_leaves': 48, 'max_depth': 19, 'learning_rate': 0.23}"
CA,FOODS,244,"{'subsample_freq': 1, 'subsample': 0.8499999999999999, 'num_leaves': 46, 'max_depth': 13, 'learning_rate': 0.29000000000000004}"
CA,FOODS,79,"{'subsample_freq': 5, 'subsample': 0.8499999999999999, 'num_leaves': 42, 'max_depth': 15, 'learning_rate': 0.28}"
CA,FOODS,58,"{'subsample_freq': 2, 'subsample': 0.8499999999999999, 'num_leaves': 48, 'max_depth': 19, 'learning_rate': 0.27}"
CA,FOODS,147,"{'subsample_freq': 1, 'subsample': 0.8499999999999999, 'num_leaves': 36, 'max_depth': 17, 'learning_rate': 0.16}"
CA,FOODS,141,"{'subsample_freq': 2, 'subsample': 0.8499999999999999, 'num_leaves': 46, 'max_depth': 15, 'learning_rate': 0.22}"
CA,FOODS,207,"{'subsample_freq': 4, 'subsample': 0.8499999999999999, 'num_leaves': 48, 'max_depth': 15, 'learning_rate': 0.16}"
CA,FOODS,238,"{'subsample_freq': 6, 'subsample': 0.6, 'num_leaves': 48, 'max_depth': 15, 'learning_rate': 0.29000000000000004}"
CA,FOODS,119,"{'subsample_freq': 2, 'subsample': 0.8499999999999999, 'num_leaves': 48, 'max_depth': 17, 'learning_rate': 0.2}"
CA,FOODS,144,"{'subsample_freq': 4, 'subsample': 0.8499999999999999, 'num_leaves': 48, 'max_depth': 19, 'learning_rate': 0.14}"
CA,FOODS,81,"{'subsample_freq': 6, 'subsample': 0.8499999999999999, 'num_leaves': 46, 'max_depth': 19, 'learning_rate': 0.23}"
CA,FOODS,109,"{'subsample_freq': 4, 'subsample': 0.8499999999999999, 'num_leaves': 48, 'max_depth': 19, 'learning_rate': 0.29000000000000004}"
CA,FOODS,200,"{'subsample_freq': 1, 'subsample': 0.8499999999999999, 'num_leaves': 46, 'max_depth': 13, 'learning_rate': 0.26}"
CA,FOODS,221,"{'subsample_freq': 2, 'subsample': 0.8499999999999999, 'num_leaves': 48, 'max_depth': 17, 'learning_rate': 0.29000000000000004}"
CA,FOODS,202,"{'subsample_freq': 9, 'subsample': 0.8499999999999999, 'num_leaves': 48, 'max_depth': 13, 'learning_rate': 0.25}"
CA,FOODS,436,"{'subsample_freq': 1, 'subsample': 0.8499999999999999, 'num_leaves': 48, 'max_depth': 15, 'learning_rate': 0.26}"
CA,FOODS,168,"{'subsample_freq': 2, 'subsample': 0.8499999999999999, 'num_leaves': 48, 'max_depth': 15, 'learning_rate': 0.27}"
CA,FOODS,83,"{'subsample_freq': 3, 'subsample': 0.8499999999999999, 'num_leaves': 48, 'max_depth': 11, 'learning_rate': 0.22}"
CA,FOODS,117,"{'subsample_freq': 3, 'subsample': 0.8499999999999999, 'num_leaves': 46, 'max_depth': 17, 'learning_rate': 0.24000000000000002}"
CA,FOODS,62,"{'subsample_freq': 2, 'subsample': 0.8499999999999999, 'num_leaves': 46, 'max_depth': 15, 'learning_rate': 0.24000000000000002}"
CA,FOODS,282,"{'subsample_freq': 2, 'subsample': 0.8499999999999999, 'num_leaves': 34, 'max_depth': 15, 'learning_rate': 0.16}"
CA,FOODS,166,"{'subsample_freq': 8, 'subsample': 0.8499999999999999, 'num_leaves': 46, 'max_depth': 19, 'learning_rate': 0.17}"
CA,FOODS,68,"{'subsample_freq': 3, 'subsample': 0.8499999999999999, 'num_leaves': 48, 'max_depth': 19, 'learning_rate': 0.26}"
CA,FOODS,98,"{'subsample_freq': 4, 'subsample': 0.8499999999999999, 'num_leaves': 48, 'max_depth': 19, 'learning_rate': 0.22}"
CA,FOODS,248,"{'subsample_freq': 8, 'subsample': 0.8499999999999999, 'num_leaves': 46, 'max_depth': 17, 'learning_rate': 0.25}"
CA,FOODS,134,"{'subsample_freq': 8, 'subsample': 0.8499999999999999, 'num_leaves': 46, 'max_depth': 11, 'learning_rate': 0.29000000000000004}"
CA,FOODS,136,"{'subsample_freq': 2, 'subsample': 0.8499999999999999, 'num_leaves': 48, 'max_depth': 19, 'learning_rate': 0.28}"
CA,FOODS,215,"{'subsample_freq': 4, 'subsample': 0.8499999999999999, 'num_leaves': 42, 'max_depth': 15, 'learning_rate': 0.28}"
CA,FOODS,106,"{'subsample_freq': 2, 'subsample': 0.8499999999999999, 'num_leaves': 40, 'max_depth': 15, 'learning_rate': 0.18000000000000002}"
CA,FOODS,120,"{'subsample_freq': 5, 'subsample': 0.8499999999999999, 'num_leaves': 48, 'max_depth': 19, 'learning_rate': 0.27}"
CA,FOODS,149,"{'subsample_freq': 1, 'subsample': 0.8499999999999999, 'num_leaves': 44, 'max_depth': 17, 'learning_rate': 0.29000000000000004}"
CA,FOODS,121,"{'subsample_freq': 1, 'subsample': 0.6, 'num_leaves': 48, 'max_depth': 17, 'learning_rate': 0.25}"
CA,FOODS,306,"{'subsample_freq': 1, 'subsample': 0.6, 'num_leaves': 46, 'max_depth': 17, 'learning_rate': 0.29000000000000004}"
CA,FOODS,86,"{'subsample_freq': 5, 'subsample': 0.8499999999999999, 'num_leaves': 46, 'max_depth': 19, 'learning_rate': 0.23}"
CA,FOODS,151,"{'subsample_freq': 3, 'subsample': 0.8499999999999999, 'num_leaves': 42, 'max_depth': 13, 'learning_rate': 0.27}"
CA,FOODS,198,"{'subsample_freq': 2, 'subsample': 0.8499999999999999, 'num_leaves': 44, 'max_depth': 19, 'learning_rate': 0.24000000000000002}"
CA,FOODS,167,"{'subsample_freq': 4, 'subsample': 0.8499999999999999, 'num_leaves': 44, 'max_depth': 15, 'learning_rate': 0.28}"
CA,FOODS,349,"{'subsample_freq': 3, 'subsample': 0.8499999999999999, 'num_leaves': 48, 'max_depth': 11, 'learning_rate': 0.23}"
CA,FOODS,133,"{'subsample_freq': 5, 'subsample': 0.8499999999999999, 'num_leaves': 40, 'max_depth': 13, 'learning_rate': 0.2}"
CA,FOODS,84,"{'subsample_freq': 1, 'subsample': 0.6, 'num_leaves': 40, 'max_depth': 19, 'learning_rate': 0.17}"
CA,FOODS,154,"{'subsample_freq': 2, 'subsample': 0.8499999999999999, 'num_leaves': 46, 'max_depth': 11, 'learning_rate': 0.25}"
CA,FOODS,197,"{'subsample_freq': 6, 'subsample': 0.8499999999999999, 'num_leaves': 46, 'max_depth': 13, 'learning_rate': 0.24000000000000002}"
CA,FOODS,124,"{'subsample_freq': 5, 'subsample': 0.8499999999999999, 'num_leaves': 48, 'max_depth': 17, 'learning_rate': 0.25}"
CA,FOODS,355,"{'subsample_freq': 1, 'subsample': 0.8499999999999999, 'num_leaves': 44, 'max_depth': 13, 'learning_rate': 0.26}"
CA,FOODS,274,"{'subsample_freq': 6, 'subsample': 0.8499999999999999, 'num_leaves': 44, 'max_depth': 17, 'learning_rate': 0.25}"
CA,FOODS,88,"{'subsample_freq': 7, 'subsample': 0.8499999999999999, 'num_leaves': 48, 'max_depth': 19, 'learning_rate': 0.28}"
CA,FOODS,163,"{'subsample_freq': 2, 'subsample': 0.8499999999999999, 'num_leaves': 44, 'max_depth': 19, 'learning_rate': 0.18000000000000002}"
CA,FOODS,170,"{'subsample_freq': 4, 'subsample': 0.8499999999999999, 'num_leaves': 48, 'max_depth': 15, 'learning_rate': 0.24000000000000002}"
CA,FOODS,220,"{'subsample_freq': 3, 'subsample': 0.8499999999999999, 'num_leaves': 44, 'max_depth': 19, 'learning_rate': 0.23}"
CA,FOODS,99,"{'subsample_freq': 3, 'subsample': 0.8499999999999999, 'num_leaves': 48, 'max_depth': 19, 'learning_rate': 0.22}"
CA,FOODS,118,"{'subsample_freq': 1, 'subsample': 0.8499999999999999, 'num_leaves': 44, 'max_depth': 17, 'learning_rate': 0.22}"
CA,FOODS,648,"{'subsample_freq': 2, 'subsample': 0.8499999999999999, 'num_leaves': 44, 'max_depth': 17, 'learning_rate': 0.18000000000000002}"
CA,FOODS,127,"{'subsample_freq': 7, 'subsample': 0.8499999999999999, 'num_leaves': 46, 'max_depth': 13, 'learning_rate': 0.27}"
CA,FOODS,206,"{'subsample_freq': 6, 'subsample': 0.8499999999999999, 'num_leaves': 48, 'max_depth': 19, 'learning_rate': 0.22}"
CA,FOODS,329,"{'subsample_freq': 4, 'subsample': 0.8499999999999999, 'num_leaves': 48, 'max_depth': 19, 'learning_rate': 0.29000000000000004}"
CA,FOODS,146,"{'subsample_freq': 3, 'subsample': 0.8499999999999999, 'num_leaves': 48, 'max_depth': 19, 'learning_rate': 0.29000000000000004}"
WI,FOODS,8,"{'subsample_freq': 1, 'subsample': 0.8499999999999999, 'num_leaves': 48, 'max_depth': 15, 'learning_rate': 0.14}"WI,FOODS,10,"{'subsample_freq': 1, 'subsample': 0.8499999999999999, 'num_leaves': 40, 'max_depth': 15, 'learning_rate': 0.14}"WI,FOODS,6,"{'subsample_freq': 4, 'subsample': 0.8499999999999999, 'num_leaves': 42, 'max_depth': 17, 'learning_rate': 0.28}"WI,FOODS,5,"{'subsample_freq': 5, 'subsample': 0.8499999999999999, 'num_leaves': 42, 'max_depth': 15, 'learning_rate': 0.22}"WI,FOODS,18,"{'subsample_freq': 1, 'subsample': 0.8499999999999999, 'num_leaves': 44, 'max_depth': 11, 'learning_rate': 0.2}"WI,FOODS,12,"{'subsample_freq': 1, 'subsample': 0.6, 'num_leaves': 42, 'max_depth': 17, 'learning_rate': 0.21000000000000002}"WI,FOODS,11,"{'subsample_freq': 1, 'subsample': 0.8499999999999999, 'num_leaves': 44, 'max_depth': 13, 'learning_rate': 0.13}"WI,FOODS,73,"{'subsample_freq': 3, 'subsample': 0.8499999999999999, 'num_leaves': 48, 'max_depth': 9, 'learning_rate': 0.24000000000000002}"WI,FOODS,69,"{'subsample_freq': 3, 'subsample': 0.8499999999999999, 'num_leaves': 48, 'max_depth': 19, 'learning_rate': 0.17}"WI,FOODS,55,"{'subsample_freq': 4, 'subsample': 0.8499999999999999, 'num_leaves': 46, 'max_depth': 17, 'learning_rate': 0.28}"WI,FOODS,15,"{'subsample_freq': 2, 'subsample': 0.8499999999999999, 'num_leaves': 48, 'max_depth': 19, 'learning_rate': 0.21000000000000002}"WI,FOODS,16,"{'subsample_freq': 4, 'subsample': 0.8499999999999999, 'num_leaves': 48, 'max_depth': 17, 'learning_rate': 0.09}"WI,FOODS,20,"{'subsample_freq': 1, 'subsample': 0.8499999999999999, 'num_leaves': 38, 'max_depth': 15, 'learning_rate': 0.17}"WI,FOODS,22,"{'subsample_freq': 5, 'subsample': 0.8499999999999999, 'num_leaves': 46, 'max_depth': 13, 'learning_rate': 0.25}"WI,FOODS,27,"{'subsample_freq': 5, 'subsample': 0.8499999999999999, 'num_leaves': 48, 'max_depth': 17, 'learning_rate': 0.21000000000000002}"WI,FOODS,14,"{'subsample_freq': 2, 'subsample': 0.8499999999999999, 'num_leaves': 44, 'max_depth': 19, 'learning_rate': 0.26}"WI,FOODS,9,"{'subsample_freq': 1, 'subsample': 0.8499999999999999, 'num_leaves': 48, 'max_depth': 19, 'learning_rate': 0.17}"WI,FOODS,17,"{'subsample_freq': 3, 'subsample': 0.8499999999999999, 'num_leaves': 48, 'max_depth': 15, 'learning_rate': 0.22}"WI,FOODS,13,"{'subsample_freq': 1, 'subsample': 0.8499999999999999, 'num_leaves': 44, 'max_depth': 13, 'learning_rate': 0.18000000000000002}"WI,FOODS,32,"{'subsample_freq': 1, 'subsample': 0.8499999999999999, 'num_leaves': 48, 'max_depth': 19, 'learning_rate': 0.25}"WI,FOODS,43,"{'subsample_freq': 1, 'subsample': 0.8499999999999999, 'num_leaves': 44, 'max_depth': 17, 'learning_rate': 0.18000000000000002}"WI,FOODS,50,"{'subsample_freq': 3, 'subsample': 0.8499999999999999, 'num_leaves': 42, 'max_depth': 15, 'learning_rate': 0.22}"WI,FOODS,40,"{'subsample_freq': 1, 'subsample': 0.8499999999999999, 'num_leaves': 46, 'max_depth': 19, 'learning_rate': 0.22}"WI,FOODS,29,"{'subsample_freq': 9, 'subsample': 0.8499999999999999, 'num_leaves': 46, 'max_depth': 11, 'learning_rate': 0.19}"WI,FOODS,31,"{'subsample_freq': 9, 'subsample': 0.8499999999999999, 'num_leaves': 46, 'max_depth': 15, 'learning_rate': 0.26}"WI,FOODS,21,"{'subsample_freq': 9, 'subsample': 0.8499999999999999, 'num_leaves': 46, 'max_depth': 19, 'learning_rate': 0.26}"WI,FOODS,3,"{'subsample_freq': 6, 'subsample': 0.6, 'num_leaves': 40, 'max_depth': 13, 'learning_rate': 0.25}"WI,FOODS,7,"{'subsample_freq': 2, 'subsample': 0.8499999999999999, 'num_leaves': 42, 'max_depth': 17, 'learning_rate': 0.25}"WI,FOODS,38,"{'subsample_freq': 9, 'subsample': 0.8499999999999999, 'num_leaves': 48, 'max_depth': 19, 'learning_rate': 0.24000000000000002}"WI,FOODS,26,"{'subsample_freq': 1, 'subsample': 0.8499999999999999, 'num_leaves': 48, 'max_depth': 15, 'learning_rate': 0.25}"WI,FOODS,24,"{'subsample_freq': 6, 'subsample': 0.8499999999999999, 'num_leaves': 48, 'max_depth': 7, 'learning_rate': 0.17}"WI,FOODS,4,"{'subsample_freq': 1, 'subsample': 0.8499999999999999, 'num_leaves': 32, 'max_depth': 15, 'learning_rate': 0.17}"WI,FOODS,72,"{'subsample_freq': 1, 'subsample': 0.8499999999999999, 'num_leaves': 40, 'max_depth': 19, 'learning_rate': 0.25}"WI,FOODS,53,"{'subsample_freq': 1, 'subsample': 0.8499999999999999, 'num_leaves': 42, 'max_depth': 15, 'learning_rate': 0.17}"WI,FOODS,59,"{'subsample_freq': 1, 'subsample': 0.6, 'num_leaves': 44, 'max_depth': 15, 'learning_rate': 0.15000000000000002}"WI,FOODS,19,"{'subsample_freq': 3, 'subsample': 0.8499999999999999, 'num_leaves': 48, 'max_depth': 17, 'learning_rate': 0.25}"WI,FOODS,41,"{'subsample_freq': 3, 'subsample': 0.8499999999999999, 'num_leaves': 48, 'max_depth': 11, 'learning_rate': 0.29000000000000004}"WI,FOODS,54,"{'subsample_freq': 8, 'subsample': 0.8499999999999999, 'num_leaves': 48, 'max_depth': 13, 'learning_rate': 0.29000000000000004}"WI,FOODS,42,"{'subsample_freq': 3, 'subsample': 0.8499999999999999, 'num_leaves': 46, 'max_depth': 17, 'learning_rate': 0.22}"WI,FOODS,63,"{'subsample_freq': 1, 'subsample': 0.8499999999999999, 'num_leaves': 40, 'max_depth': 11, 'learning_rate': 0.19}"WI,FOODS,67,"{'subsample_freq': 4, 'subsample': 0.8499999999999999, 'num_leaves': 44, 'max_depth': 9, 'learning_rate': 0.28}"WI,FOODS,166,"{'subsample_freq': 1, 'subsample': 0.8499999999999999, 'num_leaves': 34, 'max_depth': 13, 'learning_rate': 0.25}"WI,FOODS,46,"{'subsample_freq': 1, 'subsample': 0.8499999999999999, 'num_leaves': 46, 'max_depth': 15, 'learning_rate': 0.21000000000000002}"WI,FOODS,113,"{'subsample_freq': 1, 'subsample': 0.8499999999999999, 'num_leaves': 46, 'max_depth': 13, 'learning_rate': 0.25}"WI,FOODS,30,"{'subsample_freq': 1, 'subsample': 0.8499999999999999, 'num_leaves': 48, 'max_depth': 9, 'learning_rate': 0.21000000000000002}"WI,FOODS,45,"{'subsample_freq': 1, 'subsample': 0.8499999999999999, 'num_leaves': 48, 'max_depth': 17, 'learning_rate': 0.29000000000000004}"WI,FOODS,28,"{'subsample_freq': 4, 'subsample': 0.8499999999999999, 'num_leaves': 46, 'max_depth': 19, 'learning_rate': 0.13}"WI,FOODS,61,"{'subsample_freq': 1, 'subsample': 0.8499999999999999, 'num_leaves': 32, 'max_depth': 11, 'learning_rate': 0.23}"WI,FOODS,35,"{'subsample_freq': 1, 'subsample': 0.8499999999999999, 'num_leaves': 46, 'max_depth': 19, 'learning_rate': 0.16}"WI,FOODS,97,"{'subsample_freq': 6, 'subsample': 0.8499999999999999, 'num_leaves': 48, 'max_depth': 19, 'learning_rate': 0.25}"WI,FOODS,62,"{'subsample_freq': 1, 'subsample': 0.8499999999999999, 'num_leaves': 46, 'max_depth': 15, 'learning_rate': 0.23}"WI,FOODS,2,"{'subsample_freq': 3, 'subsample': 0.8499999999999999, 'num_leaves': 40, 'max_depth': 17, 'learning_rate': 0.22}"WI,FOODS,57,"{'subsample_freq': 9, 'subsample': 0.8499999999999999, 'num_leaves': 44, 'max_depth': 15, 'learning_rate': 0.2}"WI,FOODS,58,"{'subsample_freq': 1, 'subsample': 0.8499999999999999, 'num_leaves': 40, 'max_depth': 13, 'learning_rate': 0.28}"WI,FOODS,34,"{'subsample_freq': 1, 'subsample': 0.8499999999999999, 'num_leaves': 48, 'max_depth': 13, 'learning_rate': 0.21000000000000002}"WI,FOODS,23,"{'subsample_freq': 1, 'subsample': 0.8499999999999999, 'num_leaves': 42, 'max_depth': 15, 'learning_rate': 0.21000000000000002}"WI,FOODS,39,"{'subsample_freq': 5, 'subsample': 0.8499999999999999, 'num_leaves': 42, 'max_depth': 17, 'learning_rate': 0.14}"WI,FOODS,25,"{'subsample_freq': 2, 'subsample': 0.8499999999999999, 'num_leaves': 42, 'max_depth': 15, 'learning_rate': 0.27}"WI,FOODS,37,"{'subsample_freq': 1, 'subsample': 0.8499999999999999, 'num_leaves': 48, 'max_depth': 19, 'learning_rate': 0.28}"WI,FOODS,33,"{'subsample_freq': 7, 'subsample': 0.8499999999999999, 'num_leaves': 48, 'max_depth': 19, 'learning_rate': 0.27}"WI,FOODS,132,"{'subsample_freq': 7, 'subsample': 0.8499999999999999, 'num_leaves': 34, 'max_depth': 19, 'learning_rate': 0.25}"WI,FOODS,115,"{'subsample_freq': 2, 'subsample': 0.8499999999999999, 'num_leaves': 48, 'max_depth': 11, 'learning_rate': 0.25}"WI,FOODS,90,"{'subsample_freq': 5, 'subsample': 0.8499999999999999, 'num_leaves': 48, 'max_depth': 13, 'learning_rate': 0.26}"WI,FOODS,49,"{'subsample_freq': 4, 'subsample': 0.8499999999999999, 'num_leaves': 44, 'max_depth': 13, 'learning_rate': 0.22}"WI,FOODS,109,"{'subsample_freq': 2, 'subsample': 0.8499999999999999, 'num_leaves': 46, 'max_depth': 15, 'learning_rate': 0.29000000000000004}"WI,FOODS,51,"{'subsample_freq': 6, 'subsample': 0.8499999999999999, 'num_leaves': 48, 'max_depth': 13, 'learning_rate': 0.28}"WI,FOODS,47,"{'subsample_freq': 4, 'subsample': 0.8499999999999999, 'num_leaves': 48, 'max_depth': 17, 'learning_rate': 0.21000000000000002}"WI,FOODS,145,"{'subsample_freq': 3, 'subsample': 0.8499999999999999, 'num_leaves': 48, 'max_depth': 19, 'learning_rate': 0.26}"WI,FOODS,75,"{'subsample_freq': 4, 'subsample': 0.8499999999999999, 'num_leaves': 48, 'max_depth': 17, 'learning_rate': 0.27}"WI,FOODS,44,"{'subsample_freq': 1, 'subsample': 0.8499999999999999, 'num_leaves': 48, 'max_depth': 15, 'learning_rate': 0.18000000000000002}"WI,FOODS,80,"{'subsample_freq': 5, 'subsample': 0.8499999999999999, 'num_leaves': 48, 'max_depth': 15, 'learning_rate': 0.28}"WI,FOODS,76,"{'subsample_freq': 6, 'subsample': 0.8499999999999999, 'num_leaves': 48, 'max_depth': 15, 'learning_rate': 0.27}"WI,FOODS,36,"{'subsample_freq': 1, 'subsample': 0.8499999999999999, 'num_leaves': 44, 'max_depth': 19, 'learning_rate': 0.18000000000000002}"WI,FOODS,160,"{'subsample_freq': 5, 'subsample': 0.35, 'num_leaves': 46, 'max_depth': 15, 'learning_rate': 0.26}"WI,FOODS,56,"{'subsample_freq': 7, 'subsample': 0.8499999999999999, 'num_leaves': 48, 'max_depth': 17, 'learning_rate': 0.23}"WI,FOODS,82,"{'subsample_freq': 1, 'subsample': 0.8499999999999999, 'num_leaves': 40, 'max_depth': 11, 'learning_rate': 0.15000000000000002}"WI,FOODS,118,"{'subsample_freq': 2, 'subsample': 0.8499999999999999, 'num_leaves': 44, 'max_depth': 11, 'learning_rate': 0.26}"WI,FOODS,68,"{'subsample_freq': 1, 'subsample': 0.8499999999999999, 'num_leaves': 48, 'max_depth': 19, 'learning_rate': 0.17}"WI,FOODS,71,"{'subsample_freq': 1, 'subsample': 0.8499999999999999, 'num_leaves': 46, 'max_depth': 15, 'learning_rate': 0.12}"WI,FOODS,300,"{'subsample_freq': 2, 'subsample': 0.8499999999999999, 'num_leaves': 46, 'max_depth': 11, 'learning_rate': 0.29000000000000004}"WI,FOODS,83,"{'subsample_freq': 6, 'subsample': 0.8499999999999999, 'num_leaves': 48, 'max_depth': 19, 'learning_rate': 0.29000000000000004}"WI,FOODS,52,"{'subsample_freq': 7, 'subsample': 0.8499999999999999, 'num_leaves': 48, 'max_depth': 13, 'learning_rate': 0.24000000000000002}"WI,FOODS,101,"{'subsample_freq': 1, 'subsample': 0.8499999999999999, 'num_leaves': 46, 'max_depth': 13, 'learning_rate': 0.14}"WI,FOODS,100,"{'subsample_freq': 2, 'subsample': 0.8499999999999999, 'num_leaves': 44, 'max_depth': 15, 'learning_rate': 0.27}"WI,FOODS,195,"{'subsample_freq': 2, 'subsample': 0.8499999999999999, 'num_leaves': 46, 'max_depth': 19, 'learning_rate': 0.29000000000000004}"WI,FOODS,126,"{'subsample_freq': 2, 'subsample': 0.8499999999999999, 'num_leaves': 48, 'max_depth': 9, 'learning_rate': 0.26}"WI,FOODS,107,"{'subsample_freq': 6, 'subsample': 0.8499999999999999, 'num_leaves': 48, 'max_depth': 17, 'learning_rate': 0.14}"WI,FOODS,64,"{'subsample_freq': 2, 'subsample': 0.8499999999999999, 'num_leaves': 42, 'max_depth': 11, 'learning_rate': 0.23}"WI,FOODS,81,"{'subsample_freq': 8, 'subsample': 0.8499999999999999, 'num_leaves': 46, 'max_depth': 17, 'learning_rate': 0.23}"WI,FOODS,183,"{'subsample_freq': 1, 'subsample': 0.8499999999999999, 'num_leaves': 22, 'max_depth': 17, 'learning_rate': 0.24000000000000002}"WI,FOODS,181,"{'subsample_freq': 6, 'subsample': 0.6, 'num_leaves': 48, 'max_depth': 19, 'learning_rate': 0.25}"WI,FOODS,173,"{'subsample_freq': 2, 'subsample': 0.6, 'num_leaves': 48, 'max_depth': 13, 'learning_rate': 0.25}"WI,FOODS,213,"{'subsample_freq': 3, 'subsample': 0.8499999999999999, 'num_leaves': 48, 'max_depth': 15, 'learning_rate': 0.29000000000000004}"WI,FOODS,125,"{'subsample_freq': 4, 'subsample': 0.8499999999999999, 'num_leaves': 46, 'max_depth': 17, 'learning_rate': 0.25}"WI,FOODS,103,"{'subsample_freq': 3, 'subsample': 0.8499999999999999, 'num_leaves': 46, 'max_depth': 15, 'learning_rate': 0.29000000000000004}"WI,FOODS,224,"{'subsample_freq': 2, 'subsample': 0.6, 'num_leaves': 48, 'max_depth': 17, 'learning_rate': 0.28}"WI,FOODS,94,"{'subsample_freq': 2, 'subsample': 0.8499999999999999, 'num_leaves': 44, 'max_depth': 15, 'learning_rate': 0.28}"WI,FOODS,374,"{'subsample_freq': 1, 'subsample': 0.8499999999999999, 'num_leaves': 44, 'max_depth': 19, 'learning_rate': 0.29000000000000004}"WI,FOODS,74,"{'subsample_freq': 1, 'subsample': 0.8499999999999999, 'num_leaves': 42, 'max_depth': 17, 'learning_rate': 0.18000000000000002}"WI,FOODS,114,"{'subsample_freq': 4, 'subsample': 0.8499999999999999, 'num_leaves': 46, 'max_depth': 15, 'learning_rate': 0.26}"WI,FOODS,96,"{'subsample_freq': 2, 'subsample': 0.8499999999999999, 'num_leaves': 48, 'max_depth': 15, 'learning_rate': 0.27}"WI,FOODS,98,"{'subsample_freq': 2, 'subsample': 0.8499999999999999, 'num_leaves': 46, 'max_depth': 13, 'learning_rate': 0.26}"WI,FOODS,110,"{'subsample_freq': 1, 'subsample': 0.8499999999999999, 'num_leaves': 48, 'max_depth': 11, 'learning_rate': 0.28}"WI,FOODS,196,"{'subsample_freq': 6, 'subsample': 0.8499999999999999, 'num_leaves': 46, 'max_depth': 17, 'learning_rate': 0.2}"WI,FOODS,65,"{'subsample_freq': 1, 'subsample': 0.8499999999999999, 'num_leaves': 48, 'max_depth': 11, 'learning_rate': 0.24000000000000002}"WI,FOODS,117,"{'subsample_freq': 4, 'subsample': 0.8499999999999999, 'num_leaves': 46, 'max_depth': 15, 'learning_rate': 0.21000000000000002}"WI,FOODS,93,"{'subsample_freq': 2, 'subsample': 0.8499999999999999, 'num_leaves': 48, 'max_depth': 15, 'learning_rate': 0.15000000000000002}"WI,FOODS,112,"{'subsample_freq': 4, 'subsample': 0.8499999999999999, 'num_leaves': 48, 'max_depth': 19, 'learning_rate': 0.12}"WI,FOODS,229,"{'subsample_freq': 8, 'subsample': 0.6, 'num_leaves': 48, 'max_depth': 11, 'learning_rate': 0.29000000000000004}"WI,FOODS,151,"{'subsample_freq': 4, 'subsample': 0.8499999999999999, 'num_leaves': 48, 'max_depth': 19, 'learning_rate': 0.28}"WI,FOODS,111,"{'subsample_freq': 8, 'subsample': 0.8499999999999999, 'num_leaves': 48, 'max_depth': 13, 'learning_rate': 0.27}"WI,FOODS,127,"{'subsample_freq': 4, 'subsample': 0.8499999999999999, 'num_leaves': 48, 'max_depth': 15, 'learning_rate': 0.28}"WI,FOODS,128,"{'subsample_freq': 1, 'subsample': 0.8499999999999999, 'num_leaves': 44, 'max_depth': 11, 'learning_rate': 0.26}"WI,FOODS,99,"{'subsample_freq': 7, 'subsample': 0.8499999999999999, 'num_leaves': 48, 'max_depth': 17, 'learning_rate': 0.23}"WI,FOODS,60,"{'subsample_freq': 7, 'subsample': 0.8499999999999999, 'num_leaves': 48, 'max_depth': 9, 'learning_rate': 0.17}"WI,FOODS,86,"{'subsample_freq': 9, 'subsample': 0.8499999999999999, 'num_leaves': 48, 'max_depth': 15, 'learning_rate': 0.2}"WI,FOODS,79,"{'subsample_freq': 8, 'subsample': 0.8499999999999999, 'num_leaves': 48, 'max_depth': 19, 'learning_rate': 0.29000000000000004}"WI,FOODS,169,"{'subsample_freq': 5, 'subsample': 0.8499999999999999, 'num_leaves': 46, 'max_depth': 19, 'learning_rate': 0.26}"WI,FOODS,202,"{'subsample_freq': 2, 'subsample': 0.8499999999999999, 'num_leaves': 48, 'max_depth': 17, 'learning_rate': 0.27}"WI,FOODS,367,"{'subsample_freq': 6, 'subsample': 0.8499999999999999, 'num_leaves': 46, 'max_depth': 17, 'learning_rate': 0.27}"WI,FOODS,48,"{'subsample_freq': 1, 'subsample': 0.8499999999999999, 'num_leaves': 40, 'max_depth': 11, 'learning_rate': 0.23}"WI,FOODS,156,"{'subsample_freq': 3, 'subsample': 0.6, 'num_leaves': 48, 'max_depth': 7, 'learning_rate': 0.19}"WI,FOODS,179,"{'subsample_freq': 5, 'subsample': 0.8499999999999999, 'num_leaves': 44, 'max_depth': 19, 'learning_rate': 0.27}"WI,FOODS,157,"{'subsample_freq': 5, 'subsample': 0.8499999999999999, 'num_leaves': 48, 'max_depth': 17, 'learning_rate': 0.29000000000000004}"WI,FOODS,70,"{'subsample_freq': 3, 'subsample': 0.8499999999999999, 'num_leaves': 48, 'max_depth': 17, 'learning_rate': 0.2}"WI,FOODS,91,"{'subsample_freq': 4, 'subsample': 0.8499999999999999, 'num_leaves': 46, 'max_depth': 13, 'learning_rate': 0.27}"WI,FOODS,174,"{'subsample_freq': 5, 'subsample': 0.8499999999999999, 'num_leaves': 48, 'max_depth': 15, 'learning_rate': 0.28}"WI,FOODS,106,"{'subsample_freq': 4, 'subsample': 0.6, 'num_leaves': 48, 'max_depth': 15, 'learning_rate': 0.28}"WI,FOODS,147,"{'subsample_freq': 3, 'subsample': 0.8499999999999999, 'num_leaves': 48, 'max_depth': 13, 'learning_rate': 0.28}"WI,FOODS,165,"{'subsample_freq': 7, 'subsample': 0.8499999999999999, 'num_leaves': 48, 'max_depth': 11, 'learning_rate': 0.27}"WI,FOODS,102,"{'subsample_freq': 2, 'subsample': 0.8499999999999999, 'num_leaves': 40, 'max_depth': 17, 'learning_rate': 0.25}"WI,FOODS,199,"{'subsample_freq': 8, 'subsample': 0.8499999999999999, 'num_leaves': 48, 'max_depth': 9, 'learning_rate': 0.29000000000000004}"WI,FOODS,119,"{'subsample_freq': 8, 'subsample': 0.8499999999999999, 'num_leaves': 48, 'max_depth': 9, 'learning_rate': 0.28}"WI,FOODS,154,"{'subsample_freq': 1, 'subsample': 0.8499999999999999, 'num_leaves': 46, 'max_depth': 15, 'learning_rate': 0.22}"WI,FOODS,77,"{'subsample_freq': 5, 'subsample': 0.8499999999999999, 'num_leaves': 44, 'max_depth': 17, 'learning_rate': 0.28}"WI,FOODS,121,"{'subsample_freq': 6, 'subsample': 0.8499999999999999, 'num_leaves': 48, 'max_depth': 15, 'learning_rate': 0.23}"WI,FOODS,84,"{'subsample_freq': 5, 'subsample': 0.8499999999999999, 'num_leaves': 48, 'max_depth': 15, 'learning_rate': 0.24000000000000002}"WI,FOODS,123,"{'subsample_freq': 4, 'subsample': 0.8499999999999999, 'num_leaves': 48, 'max_depth': 15, 'learning_rate': 0.12}"WI,FOODS,88,"{'subsample_freq': 5, 'subsample': 0.8499999999999999, 'num_leaves': 48, 'max_depth': 13, 'learning_rate': 0.17}"WI,FOODS,242,"{'subsample_freq': 2, 'subsample': 0.8499999999999999, 'num_leaves': 48, 'max_depth': 17, 'learning_rate': 0.29000000000000004}"WI,FOODS,66,"{'subsample_freq': 7, 'subsample': 0.8499999999999999, 'num_leaves': 46, 'max_depth': 15, 'learning_rate': 0.24000000000000002}"WI,FOODS,78,"{'subsample_freq': 6, 'subsample': 0.8499999999999999, 'num_leaves': 42, 'max_depth': 19, 'learning_rate': 0.16}"WI,FOODS,143,"{'subsample_freq': 2, 'subsample': 0.8499999999999999, 'num_leaves': 44, 'max_depth': 13, 'learning_rate': 0.15000000000000002}"WI,FOODS,130,"{'subsample_freq': 1, 'subsample': 0.8499999999999999, 'num_leaves': 44, 'max_depth': 17, 'learning_rate': 0.28}"WI,FOODS,122,"{'subsample_freq': 3, 'subsample': 0.8499999999999999, 'num_leaves': 46, 'max_depth': 19, 'learning_rate': 0.15000000000000002}"WI,FOODS,299,"{'subsample_freq': 2, 'subsample': 0.8499999999999999, 'num_leaves': 46, 'max_depth': 17, 'learning_rate': 0.2}"WI,FOODS,105,"{'subsample_freq': 3, 'subsample': 0.8499999999999999, 'num_leaves': 46, 'max_depth': 11, 'learning_rate': 0.26}"WI,FOODS,148,"{'subsample_freq': 4, 'subsample': 0.8499999999999999, 'num_leaves': 48, 'max_depth': 19, 'learning_rate': 0.26}"